channel_id,channel_name,subscribers,views,total_videos,description,playlist_id,country,topicDetails,publishedAt
UCClDtg3ns0xa_d7Q5sK1yOQ,Vijay Karnataka | ‡≤µ‡≤ø‡≤ú‡≤Ø ‡≤ï‡≤∞‡≥ç‡≤®‡≤æ‡≤ü‡≤ï,1730000,591018359,59044,"Vijay Karnataka is Karnataka's No.1 website & YouTube channel and a unit of Times Internet Limited. The channel has strong backing from the Vijay Karnataka Daily Newspaper and holds pride in its editorial values. The channel covers Karnataka News, Bengaluru, Mysuru, Mangaluru and news from all other cities of Karnataka, National News and International News in Kannada 24x7. Popularly known as VK; the channel delivers Karnataka Business News, Petrol price in Karnataka, Gold price in Karnataka, Latest Sports News in Kannada and also covers off-beat sections like Movie Gossips, DIY Videos, Beauty Tips in Kannada, Health Tips in Kannada, Recipe Videos, Daily Horoscope, Astrology, Tech Reviews etc. 

Subscribe to Vijay Karnataka to catch up on the latest news and trends in Kannada.",UUClDtg3ns0xa_d7Q5sK1yOQ,IN,"{'topicIds': ['/m/098wr', '/m/05qt0'], 'topicCategories': ['https://en.wikipedia.org/wiki/Society', 'https://en.wikipedia.org/wiki/Politics']}",2012-12-17 16:35:43+05:30
UCRK4FDIkUyslEAUdyRDdCtQ,NEWS9 Live,2140000,760448707,114095,"News9 is India's leading English News Channel. News9 LIVE YouTube channel offers latest news videos on Politics, Business, Cricket, Bollywood, Lifestyle, Auto, Technology, Travel, Entertainment and a lot more. 

Stay tuned for all the breaking news in English !
",UURK4FDIkUyslEAUdyRDdCtQ,IN,"{'topicIds': ['/m/05qt0', '/m/098wr'], 'topicCategories': ['https://en.wikipedia.org/wiki/Politics', 'https://en.wikipedia.org/wiki/Society']}",2013-09-16 16:14:28+05:30
UCJEPURf_Y3zWm_RusFLPtpw,JUNOOBI HIND NEWS,18300,3617864,3263,"Junoobi Hind News ( Southern India News) is a Bengaluru based Urdu, Kannada and English digital news channel. It is a platform of Information, Education and Entertainment. Adhering to higher standard of Journalism, it's aim is to highlight public issues, grievances, opinions and to work as a bridge between Government & general public
",UUJEPURf_Y3zWm_RusFLPtpw,IN,"{'topicIds': ['/m/098wr', '/m/06bvp'], 'topicCategories': ['https://en.wikipedia.org/wiki/Society', 'https://en.wikipedia.org/wiki/Religion']}",2022-01-15 12:39:12.268621+05:30
UCFRlIV1mX-traJb5fd7S3nw,NewsFirst Kannada,4240000,4715245082,183767,"News First is a Pioneering 24x7 Kannada News Channel.
Delivering high quality news content not seen before in Kannada Television News.  
Promoted by the team which brought ‚ÄòLive' Kannada news to Karnataka‚Äôs doorsteps. 
This daring, dependable and determined team brings credible news to you ‚Äòat any cost‚Äô

Be the First to get:

- Breaking local, regional, national and international news
- Extensive Hyper Local News
- In-depth coverage of Karnataka‚Äôs Politics
- Detailed National and Regional News 
- The Latest Sports Matches, Scores and more 
- The Widest Cinema Coverage and Biggest Star Stories
- Interesting Stories from Across the World

-----------------------------------------
#news1st, #news1stkannada, #kannadaNews, #kannadaLiveTV,  #kannadaLiveNews,  #karnatakalivekews, #Kannadalivetvnews, #newsfirst, #newsfirstkannada, #newsfirstlive, #kannadanewschannel @newsfirstkannada, #karnatakalatestnews #kannadanews #latestnews #newsfirstlive #kannadanews #newsfirstdigital 
",UUFRlIV1mX-traJb5fd7S3nw,IN,"{'topicIds': ['/m/01k8wb', '/m/098wr', '/m/05qt0'], 'topicCategories': ['https://en.wikipedia.org/wiki/Knowledge', 'https://en.wikipedia.org/wiki/Society', 'https://en.wikipedia.org/wiki/Politics']}",2018-07-16 12:59:02+05:30
UCHtq26kA5D5anCbPD3HoURw,CTV,50000,11935378,7969,"Providing entertainment along with the latest news and news of the day
CTV News is the household word of the people. Regional cable channel CTV News is available in 24 districts of the state on various networks. CTV Newsweek known for credibility and trust! Encourage CTV News to be your partner
",UUHtq26kA5D5anCbPD3HoURw,IN,"{'topicIds': ['/m/098wr'], 'topicCategories': ['https://en.wikipedia.org/wiki/Society']}",2023-06-10 18:35:12.563668+05:30
UCtujiI6DNTVCGIrQ8YsBBwQ,Hello Ramanagara Kannada News,1560,69395,204,,UUtujiI6DNTVCGIrQ8YsBBwQ,IN,"{'topicIds': ['/m/098wr', '/m/05qt0'], 'topicCategories': ['https://en.wikipedia.org/wiki/Society', 'https://en.wikipedia.org/wiki/Politics']}",2020-07-07 11:20:06.469802+05:30
UCxjqta72WxqCN2C0MWIf2kw,A1 NEWS DAVANAGERE,23900,4006047,958,"Admin & Editor Mohammed Nizam Bilal Davangere



",UUxjqta72WxqCN2C0MWIf2kw,IN,"{'topicIds': ['/m/06bvp', '/m/098wr'], 'topicCategories': ['https://en.wikipedia.org/wiki/Religion', 'https://en.wikipedia.org/wiki/Society']}",2017-06-29 00:32:27+05:30
UC-Bx7NMvT1mjQ3Yq2Md6vgQ,BCS NEWS CHANNEL TUMKUR,9620,2234530,743,"Bringing the exclusive coverages of events held at sree siddaganga math and at Siddaganga institute  of technology,Tumkur,Karnataka,India

Do not forget to check the playlists.",UU-Bx7NMvT1mjQ3Yq2Md6vgQ,IN,"{'topicIds': ['/m/019_rr'], 'topicCategories': ['https://en.wikipedia.org/wiki/Lifestyle_(sociology)']}",2021-06-22 19:35:23.116102+05:30
UCxA8PPWi0c0pLqlPV6rmFfg,Vijaya Times,480000,79292329,7598,"‡≤∏‡≥ç‡≤µ‡≤§‡≤Ç‡≤§‡≥ç‡≤∞, ‡≤®‡≤ø‡≤∞‡≥ç‡≤≠‡≥Ä‡≤§, ‡≤∏‡≥ç‡≤µ‡≤æ‡≤≠‡≤ø‡≤Æ‡≤æ‡≤® ‡≤™‡≤§‡≥ç‡≤∞‡≤ø‡≤ï‡≥ã‡≤¶‡≥ç‡≤Ø‡≤Æ ‡≤®‡≤°‡≥Ü‡≤∏‡≥Å‡≤µ‡≥Å‡≤¶‡≥Å ‡≤ï‡≤∑‡≥ç‡≤ü‡≤¶ ‡≤ú‡≥ä‡≤§‡≥Ü‡≤ó‡≥Ü ‡≤¶‡≥Å‡≤∏‡≥ç‡≤∏‡≤æ‡≤π‡≤∏‡≤µ‡≥Ç ‡≤π‡≥å‡≤¶‡≥Å. ‡≤Ö‡≤¶‡≤∞‡≤≤‡≥ç‡≤≤‡≥Ç ‡≤§‡≤®‡≤ø‡≤ñ‡≤æ ‡≤™‡≤§‡≥ç‡≤∞‡≤ø‡≤ï‡≥ã‡≤¶‡≥ç‡≤Ø‡≤Æ ‡≤®‡≤°‡≥Ü‡≤∏‡≥Å‡≤µ‡≥Å‡≤¶‡≥Å ‡≤¶‡≥ä‡≤°‡≥ç‡≤° ‡≤∏‡≤µ‡≤æ‡≤≤‡≤ø‡≤® ‡≤ï‡≥Ü‡≤≤‡≤∏. ‡≤™‡≤§‡≥ç‡≤∞‡≤ø‡≤ï‡≥ã‡≤¶‡≥ç‡≤Ø‡≤Æ‡≤¶ ‡≤Æ‡≥Ç‡≤≤‡≤æ‡≤ß‡≤æ‡≤∞ ‡≤Ö‡≤¶‡≤∞ ‡≤µ‡≥Ä‡≤ï‡≥ç‡≤∑‡≤ï‡≤∞‡≥Å/‡≤ì‡≤¶‡≥Å‡≤ó‡≤∞‡≥Å. ‡≤ú‡≤æ‡≤π‡≤ø‡≤∞‡≤æ‡≤§‡≤ø‡≤® ‡≤π‡≥ä‡≤∞‡≤§‡≤æ‡≤ó‡≤ø ‡≤®‡≤ø‡≤Æ‡≥ç‡≤Æ‡≤®‡≥ç‡≤®‡≥á ‡≤®‡≤Ç‡≤¨‡≤ø ‡≤™‡≤§‡≥ç‡≤∞‡≤ø‡≤ï‡≥ã‡≤¶‡≥ç‡≤Ø‡≤Æ ‡≤®‡≤°‡≥Ü‡≤∏‡≥Å‡≤µ‡≥Å‡≤¶‡≥Å, ‡≤®‡≤ø‡≤Æ‡≤ó‡≥Ü ‡≤®‡≤ø‡≤∑‡≥ç‡≤†‡≤∞‡≤æ‡≤ó‡≤ø ‡≤®‡≤°‡≥Ü‡≤Ø‡≥Å‡≤µ‡≥Å‡≤¶‡≥á ‡≤∏‡≤∞‡≤ø‡≤Ø‡≤æ‡≤¶ ‡≤Æ‡≤æ‡≤∞‡≥ç‡≤ó ‡≤Æ‡≤§‡≥ç‡≤§‡≥Å ‡≤Ö‡≤¶‡≥á ‡≤®‡≤Æ‡≤ó‡≥Ü ‡≤¶‡≥ä‡≤°‡≥ç‡≤° ‡≤∂‡≤ï‡≥ç‡≤§‡≤ø. ‡≤π‡≤æ‡≤ó‡≤æ‡≤ó‡≤ø ‡≤®‡≤ø‡≤Æ‡≥ç‡≤Æ ‡≤∏‡≤π‡≤æ‡≤Ø, ‡≤∏‡≤π‡≤ï‡≤æ‡≤∞‡≤¶‡≤ø‡≤Ç‡≤¶ ‡≤Æ‡≥Å‡≤®‡≥ç‡≤®‡≤°‡≥Ü‡≤Ø‡≤≤‡≥Å ‡≤®‡≤ø‡≤∞‡≥ç‡≤ß‡≤∞‡≤ø‡≤∏‡≤ø ‡≤®‡≤ø‡≤Æ‡≤ó‡≥Ü ‡≤Æ‡≥ä‡≤∞‡≥Ü ‡≤π‡≥ã‡≤ó‡≥Å‡≤§‡≥ç‡≤§‡≤ø‡≤¶‡≥ç‡≤¶‡≥á‡≤®‡≥Ü. ‡≤ú‡≥ä‡≤§‡≥Ü‡≤ó‡≤ø‡≤∞‡≥Å‡≤§‡≥ç‡≤§‡≥Ä‡≤∞‡≤ø ‡≤§‡≤æ‡≤®‡≥Ü? ‡≤µ‡≤∞‡≥ç‡≤∑‡≤ï‡≥ç‡≤ï‡≥Ü 365 ‡≤∞‡≥Ç‡≤™‡≤æ‡≤Ø‡≤ø ‡≤™‡≤æ‡≤µ‡≤§‡≤ø‡≤∏‡≤ø. ‡≤µ‡≤ø‡≤ú‡≤Ø‡≤ü‡≥à‡≤Æ‡≥ç‡≤∏‡≥ç ‡≤ö‡≤Ç‡≤¶‡≤æ‡≤¶‡≤æ‡≤∞‡≤∞‡≤æ‡≤ó‡≤ø.
.https://www.instamojo.com/@vijayatimessubscription/


Vijaya Times-digital journalism for the changing time and media. First-ever data-driven and investigative digital news production company in the native language of Kannada was founded & initiated by popular-prominent journalist Vijayalakshmi Shibaruru. 

www.vijayatimes.com
www.srishtimediaacademy.com 

Please subscribe to support free, independent, daring, and forward journalism. 

Thank you 
",UUxA8PPWi0c0pLqlPV6rmFfg,IN,"{'topicIds': ['/m/098wr'], 'topicCategories': ['https://en.wikipedia.org/wiki/Society']}",2020-06-07 13:40:36.784748+05:30
UCBusXcy2hNAP_cIP0fCOf_w,Masth Magaa,2750000,831616541,8712,"We are a NEWSY Channel in an EASY format!
'Masth Magaa' channel regularly brings you the major news, happenings and interesting facts in an 'Easy to Understand' manner.! We will simplify it and present it before you with the true spirit of Journalism. Hit that Subscribe button and click on the BELL icon so that u don't miss anything from us!",UUBusXcy2hNAP_cIP0fCOf_w,IN,"{'topicIds': ['/m/098wr'], 'topicCategories': ['https://en.wikipedia.org/wiki/Society']}",2018-04-09 15:00:32+05:30
UCO7ReLEZEE_9kmD395PCXmA,BANGALORE SAMACHAR,10800,1871233,2531,"#BANGALORE SAMACHAR TV 

CONNECT US: 9019403617

",UUO7ReLEZEE_9kmD395PCXmA,IN,"{'topicIds': ['/m/01k8wb', '/m/098wr'], 'topicCategories': ['https://en.wikipedia.org/wiki/Knowledge', 'https://en.wikipedia.org/wiki/Society']}",2020-03-22 17:06:39.575714+05:30
UCDIhrv9JJkeDlhFEIbPmyRw,Seedhi Baat TV,1340000,362544045,7826,"
SEEDHI BAAT""
An Introduction
""Seedhi Baat"" is not just a name of an institution, but it is a thought process, a movement, it's in fact, a voice‚Ä¶.a voice of righteousness, which aims at striking upon apathetic conscious and which is desirous of awaking people from their deep sleep and intends to bring revolution through the powerful contemporary Social Media. In other words, it intends to blow the spirit of fearlessness, especially, the spirit of Islamic ideology into the lifeless body of journalism in our beloved country. A five year long journey of ‚ÄúSeedhi Baat‚Äù has now been encamped in the City of Bangalore and adopted a new and a unique form.  

Mail us: aazaan32@gmail.com
seedhibaatworld@gmail.com
Call: 9620364858/8762783868
Ansar Azeez Nadwi
Managing Director & Editor ‚ÄúSEEDHI BAATTV‚Äù Bangalore,Bhatkal,Shimoga,Shikarpure,,Karnataka
 

Under the watch: Al_Qalam_social media service private limited

Office Address 
#126, 1st Floor Raj Tower, MM Road,
 Frazer Town, Bangalore: 560045 ",UUDIhrv9JJkeDlhFEIbPmyRw,IN,"{'topicIds': ['/m/06bvp', '/m/098wr'], 'topicCategories': ['https://en.wikipedia.org/wiki/Religion', 'https://en.wikipedia.org/wiki/Society']}",2017-06-03 09:32:35+05:30
UC-Yz1K9QH3VQuEL5qzLptJQ,Power TV News,1340000,787725158,80409,"POWER TV, as the name says it is filled with exuberant energy, concern and passion for societal health. no nudity, no negativity and of course, no nonsense!.",UU-Yz1K9QH3VQuEL5qzLptJQ,IN,"{'topicIds': ['/m/05qt0', '/m/098wr'], 'topicCategories': ['https://en.wikipedia.org/wiki/Politics', 'https://en.wikipedia.org/wiki/Society']}",2018-12-06 19:05:49+05:30
UCpzsmNuUEmod64DGgBDPO-Q,TV5 Kannada,2610000,1539354194,138913,"TV5 Kannada - News You can trust.

TV5 Kannada News now captures Karnataka every inch and every second standing by the land and its pride, people and their voices.
",UUpzsmNuUEmod64DGgBDPO-Q,IN,"{'topicIds': ['/m/05qt0', '/m/098wr'], 'topicCategories': ['https://en.wikipedia.org/wiki/Politics', 'https://en.wikipedia.org/wiki/Society']}",2017-03-17 17:11:33+05:30
UChIsGgUEa9H4SZipy_szjOA,PrajaShakthi TV Kannada,67100,20475878,6888,"Prajashakthi TV Kannada is a trusted local news channel from Tumakuru (Tumkur), Karnataka. We bring you the latest updates, breaking news, political developments, social issues, cultural programs, and Kannada local news from every corner of Tumakuru.

Subscribe to stay updated with Tumkur district news, Kannada headlines, and real-time coverage from your own city.

Visit our website for full details: prajashakthitv.com

üìç Based in: Tumakuru
üóûÔ∏è Focus: Kannada news, Tumkur events, local stories
CONTACT | 6363491616

‡≤™‡≥ç‡≤∞‡≤ú‡≤æ‡≤∂‡≤ï‡≥ç‡≤§‡≤ø ‡≤ü‡≤ø‡≤µ‡≤ø ‡≤ï‡≤®‡≥ç‡≤®‡≤° ‡≤§‡≥Å‡≤Æ‡≤ï‡≥Ç‡≤∞‡≥Å ‡≤Æ‡≥Ç‡≤≤‡≤¶ ‡≤µ‡≤ø‡≤∂‡≥ç‡≤µ‡≤æ‡≤∏‡≤æ‡≤∞‡≥ç‡≤π ‡≤∏‡≥ç‡≤•‡≤≥‡≥Ä‡≤Ø ‡≤®‡≥ç‡≤Ø‡≥Ç‡≤∏‡≥ç ‡≤ö‡≤æ‡≤®‡≥Ü‡≤≤‡≥ç ‡≤Ü‡≤ó‡≤ø‡≤¶‡≥Ü. ‡≤®‡≤æ‡≤µ‡≥Å ‡≤®‡≤ø‡≤Æ‡≤ó‡≥Ü ‡≤§‡≥Å‡≤Æ‡≤ï‡≥Ç‡≤∞‡≤ø‡≤® ‡≤®‡≥Å‡≤°‡≤ø‡≤ö‡≤∞‡≥ç‡≤ö‡≥Ü‡≤ó‡≤≥‡≤ø‡≤Ç‡≤¶ ‡≤π‡≤ø‡≤°‡≤ø‡≤¶‡≥Å, ‡≤§‡≤ï‡≥ç‡≤∑‡≤£‡≤¶ ‡≤∏‡≥Å‡≤¶‡≥ç‡≤¶‡≤ø‡≤ó‡≤≥‡≥Å, ‡≤∞‡≤æ‡≤ú‡≤ï‡≥Ä‡≤Ø ‡≤¨‡≥Ü‡≤≥‡≤µ‡≤£‡≤ø‡≤ó‡≥Ü‡≤ó‡≤≥‡≥Å, ‡≤∏‡≤æ‡≤Æ‡≤æ‡≤ú‡≤ø‡≤ï ‡≤∏‡≤Æ‡≤∏‡≥ç‡≤Ø‡≥Ü‡≤ó‡≤≥‡≥Å, ‡≤∏‡≤æ‡≤Ç‡≤∏‡≥ç‡≤ï‡≥É‡≤§‡≤ø‡≤ï ‡≤ï‡≤æ‡≤∞‡≥ç‡≤Ø‡≤ï‡≥ç‡≤∞‡≤Æ‡≤ó‡≤≥‡≥Å ‡≤Æ‡≤§‡≥ç‡≤§‡≥Å ‡≤ï‡≤®‡≥ç‡≤®‡≤°‡≤¶ ‡≤∏‡≥ç‡≤•‡≤≥‡≥Ä‡≤Ø ‡≤∏‡≥Å‡≤¶‡≥ç‡≤¶‡≤ø‡≤ó‡≤≥‡≤®‡≥ç‡≤®‡≥Å ‡≤é‡≤≤‡≥ç‡≤≤‡≥Ü‡≤Ç‡≤¶‡≤∞‡≤≤‡≥ç‡≤≤‡≤ø ‡≤§‡≤≤‡≥Å‡≤™‡≤ø‡≤∏‡≥Å‡≤§‡≥ç‡≤§‡≥á‡≤µ‡≥Ü.

‡≤§‡≥Å‡≤Æ‡≤ï‡≥Ç‡≤∞‡≥Å ‡≤ú‡≤ø‡≤≤‡≥ç‡≤≤‡≥Ü‡≤Ø ‡≤∏‡≥Å‡≤¶‡≥ç‡≤¶‡≤ø, ‡≤ï‡≤®‡≥ç‡≤®‡≤° ‡≤∂‡≥Ä‡≤∞‡≥ç‡≤∑‡≤ø‡≤ï‡≥Ü‡≤ó‡≤≥‡≥Å ‡≤Æ‡≤§‡≥ç‡≤§‡≥Å ‡≤®‡≤ø‡≤Æ‡≥ç‡≤Æ‡≤¶‡≥á ‡≤®‡≤ó‡≤∞‡≤¶ ‡≤®‡≥á‡≤∞ ‡≤®‡≥ç‡≤Ø‡≥Ç‡≤∏‡≥ç ‡≤ï‡≤µ‡≤∞‡≥Ü‡≤ú‡≥ç ‡≤™‡≤°‡≥Ü‡≤Ø‡≤≤‡≥Å ‡≤ö‡≤æ‡≤®‡≥Ü‡≤≤‡≥ç ‡≤ó‡≥Ü ‡≤∏‡≤¨‡≥ç‡≤∏‡≥ç‡≤ï‡≥ç‡≤∞‡≥à‡≤¨‡≥ç ‡≤Ü‡≤ó‡≤ø.

",UUhIsGgUEa9H4SZipy_szjOA,IN,"{'topicIds': ['/m/01k8wb', '/m/098wr'], 'topicCategories': ['https://en.wikipedia.org/wiki/Knowledge', 'https://en.wikipedia.org/wiki/Society']}",2024-09-06 18:04:02.813121+05:30
UCcSW0s_ugP5LSQw_glUK_sA,TV BHARATH SHIVAMOGGA,18700,1968705,9520,"TV Bharath: is a Hyper Local Kannada Channel from the House of  BHARATH MEDIA CENTER in 2017 has been well accepted and saw a decent growth among the local Kannada Channels in Shimoga Districts and surrounding districts. Our tagline is just apt for the content that we today offer to the audience. 

To keep the audience more focussed on the content and keep away the clutter, we have made structural changes by creating the user interest programs throughout the day.

With presence of quality editorial team across length and breadth of the district, the channel today offers more live and latest news update. With the strong backup of the print and visual media journalism experience, the editorial team has added more edge to the channel to provide content which is extremely unique and many of the programmes today are most sought after by the audience.",UUcSW0s_ugP5LSQw_glUK_sA,IN,"{'topicIds': ['/m/05qt0', '/m/098wr'], 'topicCategories': ['https://en.wikipedia.org/wiki/Politics', 'https://en.wikipedia.org/wiki/Society']}",2019-09-23 13:47:36+05:30
UCBeya00m9cp1Iavc2rbrosQ,JIH Karnataka,10500,734744,590,Since its very inception the Jamaat addressed itself to all Indians irrespective of caste and creed. It appealed to all communities to eschew the path of violence and mutual hatred and to settle down to the task of building a Righteous Society on stable and abiding foundations.,UUBeya00m9cp1Iavc2rbrosQ,IN,"{'topicIds': ['/m/06bvp', '/m/098wr'], 'topicCategories': ['https://en.wikipedia.org/wiki/Religion', 'https://en.wikipedia.org/wiki/Society']}",2011-01-31 17:43:04+05:30
UCG2MSP_dMe0MUTZu28vIvbA,Prajavani | ‡≤™‡≥ç‡≤∞‡≤ú‡≤æ‡≤µ‡≤æ‡≤£‡≤ø,429000,90628052,8212,"‡≤™‡≥ç‡≤∞‡≤ú‡≤æ‡≤µ‡≤æ‡≤£‡≤ø ‡≤ï‡≤®‡≥ç‡≤®‡≤°‡≤¶ ‡≤Ö‡≤§‡≥ç‡≤Ø‡≤Ç‡≤§ ‡≤µ‡≤ø‡≤∂‡≥ç‡≤µ‡≤æ‡≤∏‡≤æ‡≤∞‡≥ç‡≤π ‡≤¶‡≤ø‡≤® ‡≤™‡≤§‡≥ç‡≤∞‡≤ø‡≤ï‡≥Ü. ‡≤ú‡≤®‡≤∞ ‡≤ß‡≥ç‡≤µ‡≤®‡≤ø‡≤Ø‡≤æ‡≤ó‡≤ø‡≤∞‡≥Å‡≤µ ‡≤ï‡≤®‡≥ç‡≤®‡≤°‡≤¶ ‡≤Ö‡≤§‡≥ç‡≤Ø‡≤Ç‡≤§ ‡≤ú‡≤®‡≤™‡≥ç‡≤∞‡≤ø‡≤Ø ‡≤™‡≤§‡≥ç‡≤∞‡≤ø‡≤ï‡≥Ü‡≤Ø ‡≤µ‡≤ø‡≤°‡≤ø‡≤Ø‡≥ä ‡≤ö‡≤æ‡≤®‡≥Ü‡≤≤‡≥ç ‡≤á‡≤≤‡≥ç‡≤≤‡≤ø‡≤¶‡≥Ü. ‡≤á‡≤≤‡≥ç‡≤≤‡≤ø ‡≤®‡≥Ä‡≤µ‡≥Å ‡≤µ‡≤ø‡≤∂‡≥á‡≤∑ ‡≤µ‡≤∞‡≤¶‡≤ø‡≤ó‡≤≥‡≥Å, ‡≤Ü‡≤∞‡≥ã‡≤ó‡≥ç‡≤Ø‡≤¶ ‡≤¨‡≤ó‡≥ç‡≤ó‡≥Ü ‡≤§‡≤ú‡≥ç‡≤û‡≤∞ ‡≤∏‡≤≤‡≤π‡≥Ü‡≤ó‡≤≥‡≥Å , ‡≤Ö‡≤°‡≥Å‡≤ó‡≥Ü ‡≤ï‡≥ç‡≤∞‡≤Æ‡≤ó‡≤≥ ‡≤µ‡≤ø‡≤°‡≤ø‡≤Ø‡≥ä‡≤ó‡≤≥‡≤®‡≥ç‡≤®‡≥Å ‡≤®‡≥ã‡≤°‡≤¨‡≤π‡≥Å‡≤¶‡≥Å. ‡≤Ö‡≤¶‡≤∞‡≥ä‡≤Ç‡≤¶‡≤ø‡≤ó‡≥Ü ‡≤∏‡≤æ‡≤Æ‡≤æ‡≤ú‡≤ø‡≤ï ‡≤ú‡≤æ‡≤≤‡≤§‡≤æ‡≤£‡≤¶‡≤≤‡≥ç‡≤≤‡≤ø ‡≤µ‡≥à‡≤∞‡≤≤‡≥ç‚Äå ‡≤Ü‡≤ó‡≤ø‡≤∞‡≥Å‡≤µ ‡≤µ‡≤ø‡≤°‡≤ø‡≤Ø‡≥ä‡≤ó‡≤≥‡≥Å, ‡≤ï‡≥Ü‡≤≤‡≤µ‡≥ä‡≤Ç‡≤¶‡≥Å ‡≤™‡≥ç‡≤∞‡≤ú‡≤æ‡≤µ‡≤æ‡≤£‡≤ø ‡≤µ‡≤ø‡≤∂‡≥á‡≤∑ ‡≤Æ‡≤æ‡≤≤‡≤ø‡≤ï‡≥Ü‡≤ó‡≤≥‡≤®‡≥ç‡≤®‡≥Å ‡≤®‡≥ã‡≤°‡≤¨‡≤π‡≥Å‡≤¶‡≥Å. ‡≤™‡≤§‡≥ç‡≤∞‡≤ø‡≤ï‡≥Ü‡≤Ø‡≤≤‡≥ç‡≤≤‡≤ø ‡≤¨‡≤∞‡≥Å‡≤µ ‡≤ï‡≥Ü‡≤≤‡≤µ‡≥ä‡≤Ç‡≤¶‡≥Å ‡≤∏‡≥Å‡≤¶‡≥ç‡≤¶‡≤ø‡≤ó‡≤≥‡≤®‡≥ç‡≤®‡≥Å ‡≤¶‡≥É‡≤∂‡≥ç‡≤Ø‡≤Æ‡≤æ‡≤ß‡≥ç‡≤Ø‡≤Æ‡≤¶ ‡≤Æ‡≥Ç‡≤≤‡≤ï ‡≤§‡≥ã‡≤∞‡≤ø‡≤∏‡≥Å‡≤µ ‡≤µ‡≤ø‡≤®‡≥Ç‡≤§‡≤® ‡≤™‡≥ç‡≤∞‡≤Ø‡≥ã‡≤ó ‡≤á‡≤≤‡≥ç‡≤≤‡≤ø‡≤¶‡≥Ü.

Prajavani is the trusted Kannada News Paper and here is official Youtube channel. All Kannada News, Karnataka News-related videos, and other feature videos, Daily news coverage, stories from Karnataka, India, Politics news, entertainment news, metro news are available here.

#karnataka #election2024 #videonews #kannadanews #prajavani 

‡≤§‡≤æ‡≤ú‡≤æ ‡≤∏‡≥Å‡≤¶‡≥ç‡≤¶‡≤ø‡≤ó‡≤≥‡≤ø‡≤ó‡≤æ‡≤ó‡≤ø: prajavani.net
‡≤´‡≥á‡≤∏‡≥ç‚Äå‡≤¨‡≥Å‡≤ï‡≥ç‚Äå‡≤®‡≤≤‡≥ç‡≤≤‡≤ø ‡≤≤‡≥à‡≤ï‡≥ç ‡≤Æ‡≤æ‡≤°‡≤ø: facebook.com/prajavani.net
‡≤á‡≤®‡≥ç‡≤∏‡≥ç‡≤ü‡≤æ‡≤ó‡≥ç‡≤∞‡≤æ‡≤Æ‡≥ç  ‡≤´‡≤æ‡≤≤‡≥ã ‡≤Æ‡≤æ‡≤°‡≤ø: instagram.com/prajavani
‡≤ü‡≥ç‡≤µ‡≤ø‡≤ü‡≤∞‡≥ç‚Äå‡≤®‡≤≤‡≥ç‡≤≤‡≤ø ‡≤´‡≤æ‡≤≤‡≥ã ‡≤Æ‡≤æ‡≤°‡≤ø: twitter.com/prajavani
‡≤§‡≤æ‡≤ú‡≤æ ‡≤∏‡≥Å‡≤¶‡≥ç‡≤¶‡≤ø‡≤ó‡≤≥‡≤ø‡≤ó‡≤æ‡≤ó‡≤ø ‡≤ü‡≥Ü‡≤≤‡≤ø‡≤ó‡≥ç‡≤∞‡≤æ‡≤Ç ‡≤ö‡≤æ‡≤®‡≥Ü‡≤≤‡≥ç‚Äå‡≤®‡≤≤‡≥ç‡≤≤‡≤ø ‡≤®‡≥ã‡≤°‡≤ø: t.me/Prajavani1947
",UUG2MSP_dMe0MUTZu28vIvbA,IN,"{'topicIds': ['/m/098wr'], 'topicCategories': ['https://en.wikipedia.org/wiki/Society']}",2011-03-09 14:07:40+05:30
UCtSblsSjpJ7tljqMiCZtcPQ,Bhima TV kannada,13400,1856391,1831,"Subscribe to #BhimaTVKannada for NEW VIDEOS EVERY DAY and make sure to enable Push Notifications so you'll never miss a new video. 
All you need to do is PRESS THE BELL ICON üîî next to the Subscribe button! 

BhimaTVKannada is Karnataka's leading Kannada regional News Channel. BhimaTVKannada YouTube channel offers latest news videos on Politics, Business, Cricket, Sandalwood Cinema Industry, Lifestyle, Auto, Technology, Travel, Entertainment and a lot more. 

Stay tuned for latest updates and in-depth analysis of news from Karnataka, India and around the world!
",UUtSblsSjpJ7tljqMiCZtcPQ,IN,"{'topicIds': ['/m/05qt0', '/m/098wr'], 'topicCategories': ['https://en.wikipedia.org/wiki/Politics', 'https://en.wikipedia.org/wiki/Society']}",2018-05-28 13:17:49+05:30
UCUtOww66dqg_5I1Tif7cX0A,MULBAGAL NEWS,134000,46784523,12883,"¬©all rights reserved to MULBAGAL NEWS MEDIA (OPC) PRIVATE LIMITED...THIS IS OFFICIAL CHANNEL OF MULBAGAL NEWS KANNADA WEEKLY NEWSPAPER .
TO publish or add ur news Contact 7019599962..
#MULBAGALNEWS
#MULBAGILUSUDDI
#KOLARNEWS
#MULBAGAL 
#MULBAGALTALUK
.
MULBAGAL NEWS is now starting a news paper weekly 
Thanks all our subscribers for your support ..
our face book page like
https://www.facebook.com/Mulbagal-News-youtube-channel-135919197008081/",UUUtOww66dqg_5I1Tif7cX0A,IN,"{'topicIds': ['/m/098wr'], 'topicCategories': ['https://en.wikipedia.org/wiki/Society']}",2014-06-29 18:16:59+05:30
UCJmtzuc0zN-ESzVIIzKzMsw,Bengaluru Post,2540,651215,554,"üé•üéôÔ∏è Tune in to our hyper-local video channel and podcast for Bengaluru. Let's Begin, Our City Your Stories

Collaborations welcome! Let's connect, inspire, and share the heart and soul of #NorthBangalore

#bengaluru #bengalurupost   üåáüéß #CommunityConnect #LocalStories #podcasters 



",UUJmtzuc0zN-ESzVIIzKzMsw,IN,"{'topicIds': ['/m/098wr'], 'topicCategories': ['https://en.wikipedia.org/wiki/Society']}",2014-11-22 16:58:03+05:30
UCZmVIDJjmz07-jGeGcx-46g,Shivamogga Live,55300,9547551,589,,UUZmVIDJjmz07-jGeGcx-46g,IN,"{'topicIds': ['/m/098wr'], 'topicCategories': ['https://en.wikipedia.org/wiki/Society']}",2018-07-31 18:16:16+05:30
UC9IQhNgS43lmUdU-KdGyb0A,News18 Urdu,3470000,1363197874,199408,"News18 Urdu is an exclusive Urdu news channel on YouTube which streams news related to common topics such as war, government, politics, education, health, the environment, economy, business, and entertainment, as well as athletic events. It gives the complete coverage of the nation with special emphasis on Telangana & Jammu & Kashmir. 

The channel also has exclusive interviews & caters to a large section of Urdu speaking population in India and several countries by providing debates on culturally and socially relevant subjects, social dramas, news, religious and other infotainment programs.

Subscribe to our channel for the latest news updates: http://bit.ly/2QH4xqW
Follow Us: https://twitter.com/news18urdu?lang=en
Like Us: https://www.facebook.com/News18Urdu/
Our Website: http://urdu.news18.com/",UU9IQhNgS43lmUdU-KdGyb0A,IN,"{'topicIds': ['/m/098wr', '/m/05qt0'], 'topicCategories': ['https://en.wikipedia.org/wiki/Society', 'https://en.wikipedia.org/wiki/Politics']}",2010-06-16 13:38:52+05:30
UCUfAK0YHXeseyNv60whxsXw,MM TV,216000,68947299,7624,"MMTV¬†is one of the most trusted genuine channel in Karnataka. The rise of¬†MMTV¬†on January 2021 with most skilled technicians to bring effective change in digital media. We consist of a youth team dedicated more passionate towards the change.
MMTV's innovative and dedicated programming has brought into focus a number of social issues, Politics, sports, cinema, etc...
We are creative and incisive, the channel target the Karnataka with news that is true, credible, and fast.
MMTV¬†has patriotism at its core, the pursuit of truth as It's guiding principle and imbibes the fearlessness to dig out, investigate and broadcast truth to fix accountability for a billion.
As the digital wing,¬†MMTV¬†is a platform built for the next generation of news. Seeped in hard-hitting opinion and wound with interactive news content and formats,¬†MMTV¬†follows the principle of breaking the silence and breaking the News.
",UUUfAK0YHXeseyNv60whxsXw,IN,"{'topicIds': ['/m/02jjt', '/m/098wr', '/m/0f2f9'], 'topicCategories': ['https://en.wikipedia.org/wiki/Entertainment', 'https://en.wikipedia.org/wiki/Society', 'https://en.wikipedia.org/wiki/Television_program']}",2015-03-26 00:39:41+05:30
UChl-MciRVsq6RPyhaIMceOg,Vistara News ,775000,506918114,87042,"Vistara News Kannada is one of the leading 24x7 News Channels in Karnataka. Vistara News gives you the latest Breaking News, politics, current affairs, sports, business and cinema news from Karnataka, India and around the world. We bring you news online and also on air. Providing ‚ÄòAccurate‚Äô and ‚ÄòPro- People‚Äô news is the primary objective of our news channel. ‚ÄòUpholding the truth‚Äô is our promise to the society at large and to our viewers in particular. This is the official Youtube channel for the Vistara News Kannada in Karnataka.
COMMENT POLICY: We love your comments and opinions but please be respectful of others and keep it friendly. We reserve the right to delete profane, defamatory, harassing, abusive and spam comments and to block repeat offenders.
",UUhl-MciRVsq6RPyhaIMceOg,IN,"{'topicIds': ['/m/098wr'], 'topicCategories': ['https://en.wikipedia.org/wiki/Society']}",2022-03-31 11:56:39.913020+05:30
UCUSY2EZK7_2_1-wsZVbdzsQ,Zee Kannada News,766000,358820492,127305,"Zee Media Corporation Limited (formerly Zee News Ltd.), part of multibillion-dollar Essel Group, is India's one of the largest News networks with 14 news channels. Zee News and Zee Hindustan (National News Channels Hindi) are part of ZMCL.

Zee Kannada News is the latest offering from Zee Media Corporation umbrella. Zee Kannada News brings you comprehensive and unbiased news coverage on social, political issues along with entertainment programs from Karnataka, India and worldwide. 

For all-inclusive news coverage please follow Zee Kannada News content across all platforms.

#kannadanewschannel #zeenews #zeekannadanews #latestnews #newsupdate #livenews 

Download App - https://bit.ly/3nWhsbm
‚òõ Visit our website: https://zeenews.india.com/kannada

",UUUSY2EZK7_2_1-wsZVbdzsQ,IN,"{'topicIds': ['/m/098wr', '/m/05qt0'], 'topicCategories': ['https://en.wikipedia.org/wiki/Society', 'https://en.wikipedia.org/wiki/Politics']}",2021-10-21 18:30:12.952008+05:30
UCx-rEL6ofwL2wgtBg7MKSog,Namma Bengaluru,83000,16157828,2768,"Mitta Advertising‚Äô is one of the Bangalore largest and innovative local Channel networks consisting 9 prime MSO (multi system operator ) branded channels under one management and having highly resourceful studios, unique programs, skilled technicians and shrewd management since 2004.

%Business entities have come to realize that marketing with well-managed returns is critical now a day. New establishments, Hospitals, Agencies, Developers, Education, environment consciousness and health concerns have also had a major impact on the importance for the need of a marketing media company.",UUx-rEL6ofwL2wgtBg7MKSog,IN,"{'topicIds': ['/m/02jjt', '/m/098wr', '/m/0kt51', '/m/0f2f9', '/m/019_rr'], 'topicCategories': ['https://en.wikipedia.org/wiki/Entertainment', 'https://en.wikipedia.org/wiki/Society', 'https://en.wikipedia.org/wiki/Health', 'https://en.wikipedia.org/wiki/Television_program', 'https://en.wikipedia.org/wiki/Lifestyle_(sociology)']}",2017-07-15 12:46:35+05:30
UCK7ghwb5N2vo19XYdBPG4Iw,Amoggh Tv Tumkur,42100,7075680,8827,"
Amoggh tv  is the most preferred 24-hour Kannada news channel covering the latest news in Karnataka Politics, National Politics, Kannada Movies, Indian Cinema and Entertainment, Business, International news and Sports. Stay tuned for all the breaking news in Kannada.

Watch Amoggh Tv Kannada for Live Updates, Breaking News, Political News, Crime, Entertainment News and Movie, Cinema stories, news and Sports News, etc

 Subscribe our Channel for latest updates 

Contact for news : 9880611106 | 8073436798
",UUK7ghwb5N2vo19XYdBPG4Iw,IN,"{'topicIds': ['/m/098wr'], 'topicCategories': ['https://en.wikipedia.org/wiki/Society']}",2013-09-08 15:22:49+05:30
UCJQSp-UfINKK2qJFYwOO_Jg,OONCHI AWAAZ INDIA,24900,2502827,904,"Indian News Channel 

OONCHI AWAAZ INDIA, founded in 2012 as a newspaper and later transformed into a digital news channel in 2020, is a dedicated platform that strives to bring forth the most pressing issues and current events in India.

Our journey has been one of transformation and adaptation. We started as a newspaper, OONCHI AWAAZ, in 2012, where we earned recognition by delving into current issues and hot topics. As India embraced digitalization, we recognized the need to evolve and be at the forefront of this change. In 2020, we made the transition to become OONCHI AWAAZ INDIA, a digital news channel.

Throughout our existence, we have taken on significant challenges. Addressing ground-level issues such as the cow slaughter bill, hijab controversy, DJ halli kg Halli riots, triple talaq, and dress codes in schools and colleges. 

""Stay tuned for daily updates""

Contact us;

‚úâÔ∏è Email: oonchiawaaz@gmail.com

OONCHI AWAAZ INDIA
",UUJQSp-UfINKK2qJFYwOO_Jg,IN,"{'topicIds': ['/m/06bvp', '/m/098wr'], 'topicCategories': ['https://en.wikipedia.org/wiki/Religion', 'https://en.wikipedia.org/wiki/Society']}",2019-10-11 16:05:26.000518+05:30
UCU_Dzyqehuz3pVbZrOqOT3A,Vijayavani Digital,2180000,81392802,12591,"Welcome to Vijayavani Digital, your go-to destination for authentic, unbiased, and in-depth coverage of news and politics. Our dedicated team of journalists and analysts is committed to delivering the latest breaking news, political updates, and insightful commentary from around the world. Whether it's elections, political debates, or the dynamic world of entertainment, films, and social issues, we strive to provide you with the most accurate and comprehensive news coverage possible.

At Vijayavani, we firmly believe in the power of journalism to inform, educate, and empower our viewers. Our commitment is to deliver the news with integrity, ensuring that you stay informed and engaged with the issues that matter most. We break local, regional, national, and international news, so make sure to subscribe and turn on notifications to stay up-to-date on the latest news and analysis.

Your feedback is invaluable to us.Thank You.
",UUU_Dzyqehuz3pVbZrOqOT3A,IN,"{'topicIds': ['/m/098wr', '/m/02jjt'], 'topicCategories': ['https://en.wikipedia.org/wiki/Society', 'https://en.wikipedia.org/wiki/Entertainment']}",2017-05-16 16:56:46+05:30
UCAvyeBXb8GTjxFoKOLgblMQ,INCHARA TV,38200,8802340,18593,"Inchara TV, a Colorful Entertainment Channel for all age groups. We are proud to introduce as Karnataka's No.1 Digitial Channel. Inchara Channel is formed by its founding members and is currently operational in the Karnataka. Our Team is backed with members from a variety of backgrounds, community, social status and age groups,  making it one of the most versatile channels currently functional.",UUAvyeBXb8GTjxFoKOLgblMQ,IN,"{'topicIds': ['/m/05qt0', '/m/098wr'], 'topicCategories': ['https://en.wikipedia.org/wiki/Politics', 'https://en.wikipedia.org/wiki/Society']}",2017-05-12 20:48:08+05:30
UCKiTOcFIxgqY03T_zBeiVeA,KARNATAKA VAHINI ,4190,129491,698,,UUKiTOcFIxgqY03T_zBeiVeA,NA,"{'topicIds': ['/m/098wr'], 'topicCategories': ['https://en.wikipedia.org/wiki/Society']}",2018-11-04 18:07:15+05:30
UCKeS0PfL1OBNhBnGE95qHIQ,RAJ NEWS KANNADA,6150,2458727,907,"RAJ NEWS KANNADA OFFICIAL is a Bengaluru based 24 X 7 Karnataka regional news channel. RAJ NEWS KANNADA OFFICIAL is part of Raj TV network which is well known across South India. RAJ NEWS KANNADA OFFICIAL strive hard to provide latest, credible, verified, authentic and unbiased news. RAJ NEWS KANNADA OFFICIAL delivers Breaking News, Live Updates, Entertainment News, Political News, Film news, Crime news, Sports News and Sandalwood news.

Watch RAJ NEWS KANNADA OFFICIAL live on YouTube which is the most unbiased, trusted and growing news network for Kannada news available worldwide. Please click on the Subscribe button and the bell icon to get live updates.

Subscribe to :  RAJ NEWS KANNADA https://www.youtube.com/channel/UCKeS0PfL1OBNhBnGE95qHIQ
",UUKeS0PfL1OBNhBnGE95qHIQ,IN,"{'topicIds': ['/m/098wr', '/m/05qt0'], 'topicCategories': ['https://en.wikipedia.org/wiki/Society', 'https://en.wikipedia.org/wiki/Politics']}",2025-09-10 20:10:35.972397+05:30
UCG8JUovr2r2hF3Os3Zj8W1g,AL BALAAGH,13700,1687163,735,"AL BALAAGH URDU YOUTUBE CHANNEL
Haq ka Paighaam - Insaaniyath Kay Naam

Al Balaagh is a platform to disseminate the message of truth for the humankind. ",UUG8JUovr2r2hF3Os3Zj8W1g,IN,"{'topicIds': ['/m/06bvp', '/m/098wr'], 'topicCategories': ['https://en.wikipedia.org/wiki/Religion', 'https://en.wikipedia.org/wiki/Society']}",2020-09-22 15:03:51.935473+05:30
UCJHrhOU9TPxBfyZ4regtDNQ,Republic Kannada,890000,735201714,178156,"Republic Kannada is 24x7 Kannada news channel in India and the 4th broadcast news operation of Republic Media Network. Set to disrupt the Kannada news genre with the Republic Media Network‚Äôs iconic news values. It will bring accountability-driven journalism. It will be investigation-focused in its approach to the news & will be citizen-oriented in terms of on-air content. Republic Kannada will reflect the impact-chasing DNA.

Republic Kannada will burst into the Kannada news market with its tagline ‚Äò‡≤®‡≤ø‡≤Æ‡≥ç‡≤Æ ‡≤ß‡≥ç‡≤µ‡≤®‡≤ø‚Äô (Nimma Dhwani‚Äô or ‚ÄòYour Voice‚Äô), putting the people of Karnataka at the forefront in the channel‚Äôs pledge to fight for people‚Äôs causes. 

Follow Us On: 
YouTube: https://www.youtube.com/@KannadaRepublic
Facebook: https://www.facebook.com/RepublicKannada
Instagram: https://www.instagram.com/kannadarepublic
Twitter: https://twitter.com/KannadaRepublic
WhatsApp: https://whatsapp.com/channel/0029Va77ajM4tRrp4RgnRC32

",UUJHrhOU9TPxBfyZ4regtDNQ,IN,"{'topicIds': ['/m/098wr', '/m/05qt0'], 'topicCategories': ['https://en.wikipedia.org/wiki/Society', 'https://en.wikipedia.org/wiki/Politics']}",2023-09-08 12:44:23.353172+05:30
UCEvAj6bRzJZSJA8YNkKvRpw,"Citizen Matters, Bengaluru",1830,232388,134,"Welcome to Citizen Matters! Here we post some of our work, some other videos featuring our editorial team.",UUEvAj6bRzJZSJA8YNkKvRpw,IN,"{'topicIds': ['/m/098wr'], 'topicCategories': ['https://en.wikipedia.org/wiki/Society']}",2010-06-28 18:08:04+05:30
UCar-NTVSqfURER-XwXn5wGA,Third Eye,1490000,679292168,3929,"ThirdEye the name itself say's it will explore another angle in news. The channel will give you the latest updates of news all around the world with Entertainment, Music, Film, Politics, Lifestyle & Food.

contact us : thirdeyekannada@gmail.com

Facebook link : https://fb.watch/v/4l-nSXwDI/

Instagram : https://www.instagram.com/subramanyashandige?igsh=c3gxNmRjc3k0eW8=",UUar-NTVSqfURER-XwXn5wGA,IN,"{'topicIds': ['/m/098wr'], 'topicCategories': ['https://en.wikipedia.org/wiki/Society']}",2020-12-13 15:39:50.966743+05:30
UCtmhnMxZ4gvQJEQ_omWJskQ,Bangalore News Network,105000,6733715,2023,"Bangalore News Network,  Online News portal is specially designed that brings information together from diverse sources in a uniform way in the field of Politics, Industry and Commerce, Launches, Social Services, Health and Beauty, Fashion World etc. Each information source gets its dedicated area on the page for displaying information often, the user can configure which ones to display.

Bangalore News Network for the first time began its journey in 2016 in Bangalore, India's Silicon Valley. News started the first time in South India when news web  portals did not work. This web portal, which has consistently served in media for over 8 years, is now planning to publish news in several Indian languages and international languages.

Bangalore News Network is very close to news watchers by publishing a constant news hourly every day, wherein also touching the country and international viewers not only by publishing the news but also by the videos.",UUtmhnMxZ4gvQJEQ_omWJskQ,IN,"{'topicIds': ['/m/098wr', '/m/01k8wb'], 'topicCategories': ['https://en.wikipedia.org/wiki/Society', 'https://en.wikipedia.org/wiki/Knowledge']}",2016-10-10 16:07:44+05:30
UCa-vioGhe2btBcZneaPonKA,News18 Kannada,5090000,4380010780,237310,"#kannadanewslive  #breakingnews #‡≤ï‡≤®‡≥ç‡≤®‡≤°‡≤®‡≥ç‡≤Ø‡≥Ç‡≤∏‡≥ç #kannada #kannadalivenews #breakingnews #kannadalivetv #news #live 

Watch News18 Kannada for Live Updates, Breaking News, Political News, Crime, Entertainment News and Film news, Sandalwood, Sports News, etc.
News18 Kannada is the most preferred 24-hour Kannada news channel covering the latest news in politics, entertainment, Bollywood,  Sandalwood, business and sports. Stay tuned for all the breaking news in Kannada

Subscribe our channel for the latest news updates: 
http://bit.ly/2uph1g3

Latest Kannada News | Karnataka News | Kannada News | Karnataka News Live | Kannada News Live | Karnataka News Channel Live Streaming | Kannada News TV | Karnataka News Live | Kannada Breaking News
____________________________________________________________
Follow Us On:
Website:  https://bit.ly/2FtnrQF
Facebook:   / news18kannada  
Twitter:   / news18kannada  
Download our News18 Mobile App - https://onelink.to/desc-youtube
",UUa-vioGhe2btBcZneaPonKA,IN,"{'topicIds': ['/m/05qt0', '/m/098wr'], 'topicCategories': ['https://en.wikipedia.org/wiki/Politics', 'https://en.wikipedia.org/wiki/Society']}",2017-01-12 19:27:51+05:30
UCADaILw8_X1DA6POvxba32A,Daily Salar Urdu Digital,14900,2114923,3476,"⁄à€åŸÑ€å ÿ≥ÿßŸÑÿßÿ± ⁄à€åÿ¨€åŸπŸÑ ÿß€å⁄© ŸÅ⁄©ÿ± ÿßŸÜ⁄Ø€åÿ≤ÿå ÿ™ÿ±ŸÇ€å Ÿæÿ≥ŸÜÿØ ÿµÿ≠ÿßŸÅÿ™ ⁄©ÿß ŸæŸÑ€åŸπ ŸÅÿßÿ±ŸÖ €Å€í€î €ÅŸÖÿßÿ±€í ŸÇÿßÿ±ÿ¶€åŸÜ ⁄©Ÿà 60 ÿ≥ÿßŸÑ ÿ™⁄© €ÅŸÖÿßÿ±€í ŸÖÿπÿ±ŸàŸÅ ÿ≥ÿßŸÑÿßÿ± ⁄à€åŸÑ€å ÿßÿ±ÿØŸà Ÿæ€åŸæÿ± ⁄©€í ÿ∞ÿ±€åÿπ€í ÿ®ÿßÿÆÿ®ÿ± ÿ±⁄©⁄æŸÜ€í ⁄©€í ÿ®ÿπÿØÿå €ÅŸÖ ŸÜ€í ⁄à€åŸÑ€å ÿ≥ÿßŸÑÿßÿ± ⁄à€åÿ¨€åŸπŸÑ ÿßŸÜ⁄ØŸÑÿ¥ ⁄©ÿß ÿ¢ÿ∫ÿßÿ≤ ⁄©€åÿß €Å€í€î €ÅŸÖ ŸÖÿ™ŸÜŸàÿπ ÿ¢Ÿàÿßÿ≤Ÿà⁄∫ ⁄©Ÿà ÿ®⁄ë⁄æÿßŸÜ€í ÿßŸàÿ± ÿßŸÜ ŸÖÿ≥ÿßÿ¶ŸÑ Ÿæÿ± ÿ±Ÿàÿ¥ŸÜ€å ⁄àÿßŸÑŸÜ€í ⁄©€í ŸÑ€å€í ŸàŸÇŸÅ €Å€å⁄∫ ÿ¨Ÿà ÿ≥ÿ® ÿ≥€í ÿß€ÅŸÖ €Å€å⁄∫€î €ÅŸÖ ÿ™ÿ®ÿØ€åŸÑ€å ⁄©Ÿà ŸÖÿ∑ŸÑÿπ ⁄©ÿ±ŸÜ€íÿå ŸÖÿ¥ÿ∫ŸàŸÑ ⁄©ÿ±ŸÜ€í ÿßŸàÿ± ÿ™ÿ≠ÿ±€å⁄© ÿØ€åŸÜ€í ⁄©€í ŸÑ€å€í €å€Åÿß⁄∫ ŸÖŸàÿ¨ŸàÿØ €Å€å⁄∫€î

Daily Salar Digital is a thought-provoking, progressive journalism platform. After keeping our readers informed through our renowned Salar Daily Urdu paper for 60 years, we have launched Daily Salar Digital English. We are dedicated to amplifying diverse voices and shedding light on the issues that matter the most. We're here to inform, engage, and inspire change.
",UUADaILw8_X1DA6POvxba32A,IN,"{'topicIds': ['/m/05qt0', '/m/098wr', '/m/01k8wb'], 'topicCategories': ['https://en.wikipedia.org/wiki/Politics', 'https://en.wikipedia.org/wiki/Society', 'https://en.wikipedia.org/wiki/Knowledge']}",2024-03-08 20:36:07.705635+05:30
UCl-OodciBGZ0k8K8rBZGe4w,Public TV,6410000,4546222585,201512,"This is an official channel of Public TV Kannada news channel. The slogan is ""Yaara Aasthiyoo Alla, Idu Nimma TV"". Public TV launched on 12 February 2012. HR Ranganath and His Young team's dream Venture.. A news Channel For the people... Not Owned by any Politician, or Businessman. Its News channel of a true Journalist.",UUl-OodciBGZ0k8K8rBZGe4w,IN,"{'topicIds': ['/m/05qt0', '/m/098wr'], 'topicCategories': ['https://en.wikipedia.org/wiki/Politics', 'https://en.wikipedia.org/wiki/Society']}",2012-07-18 18:09:00+05:30
UC1BGH-glLymzMGbk7JjPWfQ,Kolar Digital news,516,69149,193,positive news,UU1BGH-glLymzMGbk7JjPWfQ,NA,"{'topicIds': ['/m/098wr'], 'topicCategories': ['https://en.wikipedia.org/wiki/Society']}",2023-06-16 07:08:54.300240+05:30
UC2CWNFM308dFMIhtdNoP7cg,Praja Television,129,20972,517,,UU2CWNFM308dFMIhtdNoP7cg,IN,"{'topicIds': ['/m/0f2f9', '/m/098wr', '/m/02jjt'], 'topicCategories': ['https://en.wikipedia.org/wiki/Television_program', 'https://en.wikipedia.org/wiki/Society', 'https://en.wikipedia.org/wiki/Entertainment']}",2024-05-25 21:01:36.621922+05:30
UCfEdG9Hr00vAk-eUzFnwNgA,ChitradurgaNews (‡≤ö‡≤ø‡≤§‡≥ç‡≤∞‡≤¶‡≥Å‡≤∞‡≥ç‡≤ó‡≤®‡≥ç‡≤Ø‡≥Ç‡≤∏‡≥ç.‡≤ï‡≤æ‡≤Ç),1030,110740,66,"Get the latest scoop on Chitradurga's events, politics, and more with our dedicated Kannada News channel. Stay informed with our in-depth coverage and exclusive stories. Don't miss out - subscribe now for daily updates!

Get More Topic On Chitradurga News Youtube Channel

Chitradurga News, Kannada News, Local Updates, Breaking Stories, Daily News, City Events, Chitradurga Politics, News Recap, Exclusive Coverage, Latest Headlines, Chitradurga Insights, Top News Stories, Community Updates, Kannada Language News, Current Affairs, News Unveiled, Chitradurga Chronicles, News Flash, In-Depth Analysis, City Highlights, Public Affairs, Informative News, Chitradurga Buzz, Events Recap, Political Developments, Civic Issues, Chitradurga Society, News You Can Trust, Urban Updates, Social Impact, Trending Topics, Daily Digest, Chitradurga Pulse.

#ChitradurgaNews
#KannadaNews
#BreakingNews
#LocalNews
#CityUpdates
#NewsAlert
#TopStories
#ChitradurgaUpdates
#DailyNews
#StayInformed


",UUfEdG9Hr00vAk-eUzFnwNgA,NA,"{'topicIds': ['/m/098wr'], 'topicCategories': ['https://en.wikipedia.org/wiki/Society']}",2023-09-30 12:19:03.189474+05:30
UCTVr9Jr1gcy4odg8vH4q7YA,RAJ NEWS KANNADA OFFICIAL TV,288000,149691778,33398,"RAJ NEWS KANNADA OFFICIAL is a Bengaluru based 24 X 7 Karnataka regional news channel. RAJ NEWS KANNADA OFFICIAL is part of Raj TV network which is well known across South India. RAJ NEWS KANNADA OFFICIAL strive hard to provide latest, credible, verified, authentic and unbiased news. RAJ NEWS KANNADA OFFICIAL delivers Breaking News, Live Updates, Entertainment News, Political News, Film news, Crime news, Sports News and Sandalwood news.

Watch RAJ NEWS KANNADA OFFICIAL live on YouTube which is the most unbiased, trusted and growing news network for Kannada news available worldwide. Please click on the Subscribe button and the bell icon to get live updates.

RAJ NEWS KANNADA OFFICIAL Website:  https://rajnewskannada.in/
Subscribe to RAJ NEWS KANNADA OFFICIAL : https://www.youtube.com/UCTVr9Jr1gcy4odg8vH4q7YA
",UUTVr9Jr1gcy4odg8vH4q7YA,IN,"{'topicIds': ['/m/05qt0', '/m/098wr'], 'topicCategories': ['https://en.wikipedia.org/wiki/Politics', 'https://en.wikipedia.org/wiki/Society']}",2021-02-26 10:16:56.883645+05:30
UC8dnBi4WUErqYQHZ4PfsLTg,Tv9 Kannada,12000000,14828747649,485787,"Tv9 Kannada is a 24 hours free to air News channel that bring the latest news and information to viewers. We understand that each event impacts world history and that the direction that society takes is influenced by the information that percolates down to people. It is this thought that has shaped our direction and content - direct, incisive and factual - reflecting the human angle and the focus being ""A Better Society"".
TV9 stands for a value system that includes truth, unbiased, impartiality and reliability TV9 is a pioneer in many respects. It is a channel promoted by professionals from the media and technology industries. TV9 seeks to integrate quality resources with the latest technologies to put together and deliver a thought-provoking experience - simple, crisp and bold, mirroring the world for its viewers.

",UU8dnBi4WUErqYQHZ4PfsLTg,IN,"{'topicIds': ['/m/098wr', '/m/05qt0'], 'topicCategories': ['https://en.wikipedia.org/wiki/Society', 'https://en.wikipedia.org/wiki/Politics']}",2010-03-18 16:26:47+05:30
UCLdCNAm6AykhlMxAp_7Xi7w,Pragathi TV Digital,191000,34127855,30858,"At Pragathi TV News, we are committed to delivering the most accurate, timely, and relevant news coverage to keep you informed and engaged. Based in Karnataka, our channel provides comprehensive news coverage, including local, national, and international headlines. Our content spans a wide range of topics, such as politics, sports, entertainment, business, technology, and community stories, ensuring that you stay up-to-date with everything that matters.
Why Subscribe to Pragathi TV News?
Reliable Reporting: We strive for accuracy and integrity in our journalism.
Diverse Content: From breaking news to in-depth analyses, we cover a variety of subjects.
Engaging Stories: Our content is crafted to inform, entertain, and inspire.
For inquiries or to advertise on our channel:
Call us: +91 9008801859
Email us: pragathitvads@gmail.com
Join our growing community by subscribing to our channel, and never miss out on the latest developments. Stay informed, stay engaged with Pragathi TV News!
",UULdCNAm6AykhlMxAp_7Xi7w,IN,"{'topicIds': ['/m/098wr'], 'topicCategories': ['https://en.wikipedia.org/wiki/Society']}",2015-03-09 10:47:20+05:30
UCjElJyiXmQXnWmceQ1JyKrA,Asianet Suvarna News,5550000,3205058858,234299,"The Most Popular Kannada News Channel. The Number One Kannada TV News Channel of India.
‡≤è‡≤∑‡≥ç‡≤Ø‡≤æ‡≤®‡≥Ü‡≤ü‡≥ç ‡≤∏‡≥Å‡≤µ‡≤∞‡≥ç‡≤£ ‡≤®‡≥ç‡≤Ø‡≥Ç‡≤∏‡≥ç - ‡≤ï‡≤∞‡≥ç‡≤®‡≤æ‡≤ü‡≤ï‡≤¶ ‡≤∏‡≥Å‡≤™‡≥ç‡≤∞‡≤∏‡≤ø‡≤¶‡≥ç‡≤ß ‡≤∏‡≥Å‡≤¶‡≥ç‡≤ß‡≤ø ‡≤µ‡≤æ‡≤π‡≤ø‡≤®‡≤ø | ‡≤®‡≤Ç‡≤¨‡≤∞‡≥ç ‡≤í‡≤®‡≥ç ‡≤ï‡≤®‡≥ç‡≤®‡≤° ‡≤®‡≥ç‡≤Ø‡≥Ç‡≤∏‡≥ç ‡≤ö‡≤æ‡≤®‡≥Ü‡≤≤‡≥ç
‡≤®‡≥á‡≤∞ - ‡≤¶‡≤ø‡≤ü‡≥ç‡≤ü - ‡≤®‡≤ø‡≤∞‡≤Ç‡≤§‡≤∞

Watch latest news updates from across the globe on Asianet Suvarna News. With our network spread across every district in Karnataka, Suvarna News is Karnataka's No. 1 Kannada News Channel. The leading regional news channels also has a significant presence across India. We bring you the latest, updated breaking news from every corner of Karnataka, including political news, entertainment news, sandalwood news, breaking news, celebrity news, sting operations and more.  The viewers can access the most popular Kannada news channel on their mobiles, tablets, smartphones and desktops.

Get Latest Local and National News in Kannada and English‚Ä¨.

",UUjElJyiXmQXnWmceQ1JyKrA,IN,"{'topicIds': ['/m/098wr', '/m/05qt0'], 'topicCategories': ['https://en.wikipedia.org/wiki/Society', 'https://en.wikipedia.org/wiki/Politics']}",2009-08-01 02:05:36+05:30
UCG8jvVACFeLdmgK3rfakMnw,Karnataka TV,1380000,414376910,53104,"Karnataka TV is Karnataka's No. 1 digital media channel and website, delivering trustworthy news in Kannada from across Karnataka, India, and around the world. We bring you reliable updates, regional headlines, and global perspectives every day on a dynamic digital platform. Founded by K.M. Shivakumar (Shivu Besagarahalli), Karnataka TV is committed to keeping you informed with accuracy and integrity.

‡≤â‡≤™‡≥ç‡≤™‡≥Å ‡≤π‡≥Å‡≤≥‡≤ø ‡≤ñ‡≤æ‡≤∞ ‡≤∏‡≥á‡≤∞‡≤ø‡≤∏‡≤≤‡≥ç‡≤≤.. ‡≤á‡≤¶‡≥ç‡≤¶‡≤¶‡≥ç‡≤¶‡≥Å ‡≤á‡≤¶‡≥ç‡≤¶‡≤Ç‡≤ó‡≥Ü ‡≤π‡≥á‡≤≥‡≥ä‡≤¶‡≥Å ‡≤®‡≤Æ‡≥ç ‡≤ï‡≥Ü‡≤≤‡≤∏.. ‡≤ï‡≤®‡≥ç‡≤®‡≤°‡≤ø‡≤ó‡≤∞ ‡≤Æ‡≥ä‡≤ü‡≥ç‡≤ü ‡≤Æ‡≥ä‡≤¶‡≤≤ ‡≤°‡≤ø‡≤ú‡≤ø‡≤ü‡≤≤‡≥ç ‡≤Æ‡≥Ä‡≤°‡≤ø‡≤Ø‡≤æ.. www.Karnatakatv.net

‡≤ï‡≤∞‡≥ç‡≤®‡≤æ‡≤ü‡≤ï ‡≤ü‡≤ø‡≤µ‡≤ø‡≤Ø‡≤≤‡≥ç‡≤≤‡≤ø ‡≤ú‡≤æ‡≤π‡≤ø‡≤∞‡≤æ‡≤§‡≥Å ‡≤®‡≥Ä‡≤°‡≤≤‡≥Å ‡≤∏‡≤Ç‡≤™‡≤∞‡≥ç‡≤ï‡≤ø‡≤∏‡≤ø : 9113549531
",UUG8jvVACFeLdmgK3rfakMnw,IN,"{'topicIds': ['/m/098wr', '/m/05qt0'], 'topicCategories': ['https://en.wikipedia.org/wiki/Society', 'https://en.wikipedia.org/wiki/Politics']}",2017-09-12 12:44:35+05:30
UCgBXJxaQPujhQE6AIG3JObQ,Public News kannada,4650,373090,1388,‡≤∏‡≤æ‡≤Æ‡≤æ‡≤ú‡≤ø‡≤ï ‡≤®‡≥ç‡≤Ø‡≤æ‡≤Ø‡≤ï‡≥ç‡≤ï‡≤æ‡≤ó‡≤ø,UUgBXJxaQPujhQE6AIG3JObQ,IN,"{'topicIds': ['/m/01k8wb', '/m/098wr', '/m/05qt0'], 'topicCategories': ['https://en.wikipedia.org/wiki/Knowledge', 'https://en.wikipedia.org/wiki/Society', 'https://en.wikipedia.org/wiki/Politics']}",2020-10-19 17:51:39.090468+05:30
